<?xml version="1.0" encoding="UTF-8"?>
<launch4jConfig>
  <dontWrapJar>false</dontWrapJar>
  <headerType>gui</headerType>
  <jar>D:\SystemSecurity\out\artifacts\SystemSecurity_jar\SystemSecurity.jar</jar>
  <outfile>D:\SystemSecurity\out\artifacts\SystemSecurity_jar\SystemSecurity.exe</outfile>
  <errTitle></errTitle>
  <cmdLine></cmdLine>
  <chdir>.</chdir>
  <priority>normal</priority>
  <downloadUrl></downloadUrl>
  <supportUrl></supportUrl>
  <stayAlive>true</stayAlive>
  <restartOnCrash>false</restartOnCrash>
  <manifest></manifest>
  <icon></icon>
  <jre>
    <path>%JAVA_HOME%;%PATH%</path>
    <requiresJdk>true</requiresJdk>
    <requires64Bit>false</requires64Bit>
    <minVersion>17</minVersion>
    <maxVersion></maxVersion>
  </jre>
</launch4jConfig>